--
-- PostgreSQL database dump
--

-- Dumped from database version 12.9 (Ubuntu 12.9-2.pgdg20.04+1)
-- Dumped by pg_dump version 12.9 (Ubuntu 12.9-2.pgdg20.04+1)

SET statement_timeout = 0;
SET lock_timeout = 0;
SET idle_in_transaction_session_timeout = 0;
SET client_encoding = 'UTF8';
SET standard_conforming_strings = on;
SELECT pg_catalog.set_config('search_path', '', false);
SET check_function_bodies = false;
SET xmloption = content;
SET client_min_messages = warning;
SET row_security = off;

DROP DATABASE universe;
--
-- Name: universe; Type: DATABASE; Schema: -; Owner: freecodecamp
--

CREATE DATABASE universe WITH TEMPLATE = template0 ENCODING = 'UTF8' LC_COLLATE = 'C.UTF-8' LC_CTYPE = 'C.UTF-8';


ALTER DATABASE universe OWNER TO freecodecamp;

\connect universe

SET statement_timeout = 0;
SET lock_timeout = 0;
SET idle_in_transaction_session_timeout = 0;
SET client_encoding = 'UTF8';
SET standard_conforming_strings = on;
SELECT pg_catalog.set_config('search_path', '', false);
SET check_function_bodies = false;
SET xmloption = content;
SET client_min_messages = warning;
SET row_security = off;

SET default_tablespace = '';

SET default_table_access_method = heap;

--
-- Name: country; Type: TABLE; Schema: public; Owner: freecodecamp
--

CREATE TABLE public.country (
    country_id integer NOT NULL,
    name character varying(30) NOT NULL,
    population integer
);


ALTER TABLE public.country OWNER TO freecodecamp;

--
-- Name: country_country_id_seq; Type: SEQUENCE; Schema: public; Owner: freecodecamp
--

CREATE SEQUENCE public.country_country_id_seq
    AS integer
    START WITH 1
    INCREMENT BY 1
    NO MINVALUE
    NO MAXVALUE
    CACHE 1;


ALTER TABLE public.country_country_id_seq OWNER TO freecodecamp;

--
-- Name: country_country_id_seq; Type: SEQUENCE OWNED BY; Schema: public; Owner: freecodecamp
--

ALTER SEQUENCE public.country_country_id_seq OWNED BY public.country.country_id;


--
-- Name: galaxy; Type: TABLE; Schema: public; Owner: freecodecamp
--

CREATE TABLE public.galaxy (
    galaxy_id integer NOT NULL,
    name character varying(100) NOT NULL,
    size integer,
    description text,
    alias text
);


ALTER TABLE public.galaxy OWNER TO freecodecamp;

--
-- Name: galaxy_galaxy_id_seq; Type: SEQUENCE; Schema: public; Owner: freecodecamp
--

CREATE SEQUENCE public.galaxy_galaxy_id_seq
    AS integer
    START WITH 1
    INCREMENT BY 1
    NO MINVALUE
    NO MAXVALUE
    CACHE 1;


ALTER TABLE public.galaxy_galaxy_id_seq OWNER TO freecodecamp;

--
-- Name: galaxy_galaxy_id_seq; Type: SEQUENCE OWNED BY; Schema: public; Owner: freecodecamp
--

ALTER SEQUENCE public.galaxy_galaxy_id_seq OWNED BY public.galaxy.galaxy_id;


--
-- Name: moon; Type: TABLE; Schema: public; Owner: freecodecamp
--

CREATE TABLE public.moon (
    moon_id integer NOT NULL,
    name character varying(100) NOT NULL,
    planet_id integer NOT NULL,
    alias text,
    description text
);


ALTER TABLE public.moon OWNER TO freecodecamp;

--
-- Name: moon_moon_id_seq; Type: SEQUENCE; Schema: public; Owner: freecodecamp
--

CREATE SEQUENCE public.moon_moon_id_seq
    AS integer
    START WITH 1
    INCREMENT BY 1
    NO MINVALUE
    NO MAXVALUE
    CACHE 1;


ALTER TABLE public.moon_moon_id_seq OWNER TO freecodecamp;

--
-- Name: moon_moon_id_seq; Type: SEQUENCE OWNED BY; Schema: public; Owner: freecodecamp
--

ALTER SEQUENCE public.moon_moon_id_seq OWNED BY public.moon.moon_id;


--
-- Name: planet; Type: TABLE; Schema: public; Owner: freecodecamp
--

CREATE TABLE public.planet (
    planet_id integer NOT NULL,
    name character varying(100) NOT NULL,
    weight numeric(6,1),
    description text,
    is_inhabited boolean,
    star_id integer NOT NULL,
    is_intelligent boolean
);


ALTER TABLE public.planet OWNER TO freecodecamp;

--
-- Name: planet_planet_id_seq; Type: SEQUENCE; Schema: public; Owner: freecodecamp
--

CREATE SEQUENCE public.planet_planet_id_seq
    AS integer
    START WITH 1
    INCREMENT BY 1
    NO MINVALUE
    NO MAXVALUE
    CACHE 1;


ALTER TABLE public.planet_planet_id_seq OWNER TO freecodecamp;

--
-- Name: planet_planet_id_seq; Type: SEQUENCE OWNED BY; Schema: public; Owner: freecodecamp
--

ALTER SEQUENCE public.planet_planet_id_seq OWNED BY public.planet.planet_id;


--
-- Name: star; Type: TABLE; Schema: public; Owner: freecodecamp
--

CREATE TABLE public.star (
    star_id integer NOT NULL,
    name character varying(100) NOT NULL,
    size integer,
    galaxy_id integer NOT NULL,
    description text,
    alias text
);


ALTER TABLE public.star OWNER TO freecodecamp;

--
-- Name: star_star_id_seq; Type: SEQUENCE; Schema: public; Owner: freecodecamp
--

CREATE SEQUENCE public.star_star_id_seq
    AS integer
    START WITH 1
    INCREMENT BY 1
    NO MINVALUE
    NO MAXVALUE
    CACHE 1;


ALTER TABLE public.star_star_id_seq OWNER TO freecodecamp;

--
-- Name: star_star_id_seq; Type: SEQUENCE OWNED BY; Schema: public; Owner: freecodecamp
--

ALTER SEQUENCE public.star_star_id_seq OWNED BY public.star.star_id;


--
-- Name: country country_id; Type: DEFAULT; Schema: public; Owner: freecodecamp
--

ALTER TABLE ONLY public.country ALTER COLUMN country_id SET DEFAULT nextval('public.country_country_id_seq'::regclass);


--
-- Name: galaxy galaxy_id; Type: DEFAULT; Schema: public; Owner: freecodecamp
--

ALTER TABLE ONLY public.galaxy ALTER COLUMN galaxy_id SET DEFAULT nextval('public.galaxy_galaxy_id_seq'::regclass);


--
-- Name: moon moon_id; Type: DEFAULT; Schema: public; Owner: freecodecamp
--

ALTER TABLE ONLY public.moon ALTER COLUMN moon_id SET DEFAULT nextval('public.moon_moon_id_seq'::regclass);


--
-- Name: planet planet_id; Type: DEFAULT; Schema: public; Owner: freecodecamp
--

ALTER TABLE ONLY public.planet ALTER COLUMN planet_id SET DEFAULT nextval('public.planet_planet_id_seq'::regclass);


--
-- Name: star star_id; Type: DEFAULT; Schema: public; Owner: freecodecamp
--

ALTER TABLE ONLY public.star ALTER COLUMN star_id SET DEFAULT nextval('public.star_star_id_seq'::regclass);


--
-- Data for Name: country; Type: TABLE DATA; Schema: public; Owner: freecodecamp
--

INSERT INTO public.country VALUES (1, 'US', NULL);
INSERT INTO public.country VALUES (2, 'UK', NULL);
INSERT INTO public.country VALUES (3, 'UAE', NULL);


--
-- Data for Name: galaxy; Type: TABLE DATA; Schema: public; Owner: freecodecamp
--

INSERT INTO public.galaxy VALUES (1, 'milkyway', NULL, NULL, NULL);
INSERT INTO public.galaxy VALUES (2, 'youngIsa', NULL, NULL, NULL);
INSERT INTO public.galaxy VALUES (3, 'lalaland', NULL, NULL, NULL);
INSERT INTO public.galaxy VALUES (4, 'andromeda?', NULL, NULL, NULL);
INSERT INTO public.galaxy VALUES (5, 'azazel', NULL, NULL, NULL);
INSERT INTO public.galaxy VALUES (6, 'jinpachi', NULL, NULL, NULL);


--
-- Data for Name: moon; Type: TABLE DATA; Schema: public; Owner: freecodecamp
--

INSERT INTO public.moon VALUES (1, 'moon', 1, NULL, NULL);
INSERT INTO public.moon VALUES (2, 'moon2', 2, NULL, NULL);
INSERT INTO public.moon VALUES (3, 'moon3', 3, NULL, NULL);
INSERT INTO public.moon VALUES (4, 'moon4', 4, NULL, NULL);
INSERT INTO public.moon VALUES (5, 'moon5', 5, NULL, NULL);
INSERT INTO public.moon VALUES (6, 'moon6', 6, NULL, NULL);
INSERT INTO public.moon VALUES (7, 'moon7', 7, NULL, NULL);
INSERT INTO public.moon VALUES (8, 'moon8', 8, NULL, NULL);
INSERT INTO public.moon VALUES (9, 'moon9', 9, NULL, NULL);
INSERT INTO public.moon VALUES (10, 'moon10', 10, NULL, NULL);
INSERT INTO public.moon VALUES (21, 'moon11', 2, NULL, NULL);
INSERT INTO public.moon VALUES (22, 'moon12', 2, NULL, NULL);
INSERT INTO public.moon VALUES (23, 'moon13', 3, NULL, NULL);
INSERT INTO public.moon VALUES (24, 'moon14', 4, NULL, NULL);
INSERT INTO public.moon VALUES (25, 'moon15', 5, NULL, NULL);
INSERT INTO public.moon VALUES (26, 'moon16', 6, NULL, NULL);
INSERT INTO public.moon VALUES (27, 'moon17', 7, NULL, NULL);
INSERT INTO public.moon VALUES (28, 'moon18', 8, NULL, NULL);
INSERT INTO public.moon VALUES (29, 'moon19', 9, NULL, NULL);
INSERT INTO public.moon VALUES (30, 'moon20', 10, NULL, NULL);


--
-- Data for Name: planet; Type: TABLE DATA; Schema: public; Owner: freecodecamp
--

INSERT INTO public.planet VALUES (1, 'earth', NULL, NULL, NULL, 1, NULL);
INSERT INTO public.planet VALUES (2, 'venus', NULL, NULL, NULL, 1, NULL);
INSERT INTO public.planet VALUES (3, 'mercury', NULL, NULL, NULL, 1, NULL);
INSERT INTO public.planet VALUES (4, 'saturn', NULL, NULL, NULL, 1, NULL);
INSERT INTO public.planet VALUES (5, 'mars', NULL, NULL, NULL, 1, NULL);
INSERT INTO public.planet VALUES (6, 'uranus', NULL, NULL, NULL, 1, NULL);
INSERT INTO public.planet VALUES (7, 'neptune', NULL, NULL, NULL, 1, NULL);
INSERT INTO public.planet VALUES (8, 'jupiter', NULL, NULL, NULL, 1, NULL);
INSERT INTO public.planet VALUES (9, 'earth2', NULL, NULL, NULL, 1, NULL);
INSERT INTO public.planet VALUES (10, 'venus2', NULL, NULL, NULL, 1, NULL);
INSERT INTO public.planet VALUES (11, 'mercury2', NULL, NULL, NULL, 1, NULL);
INSERT INTO public.planet VALUES (12, 'saturn2', NULL, NULL, NULL, 1, NULL);
INSERT INTO public.planet VALUES (13, 'mars2', NULL, NULL, NULL, 1, NULL);
INSERT INTO public.planet VALUES (14, 'uranus2', NULL, NULL, NULL, 1, NULL);
INSERT INTO public.planet VALUES (15, 'neptune2', NULL, NULL, NULL, 1, NULL);
INSERT INTO public.planet VALUES (16, 'jupiter2', NULL, NULL, NULL, 1, NULL);


--
-- Data for Name: star; Type: TABLE DATA; Schema: public; Owner: freecodecamp
--

INSERT INTO public.star VALUES (1, 'sun', NULL, 1, NULL, NULL);
INSERT INTO public.star VALUES (2, 'juno', NULL, 2, NULL, NULL);
INSERT INTO public.star VALUES (3, 'annyeong', NULL, 3, NULL, NULL);
INSERT INTO public.star VALUES (4, 'musta', NULL, 4, NULL, NULL);
INSERT INTO public.star VALUES (5, 'fa', NULL, 5, NULL, NULL);
INSERT INTO public.star VALUES (6, 'r', NULL, 6, NULL, NULL);


--
-- Name: country_country_id_seq; Type: SEQUENCE SET; Schema: public; Owner: freecodecamp
--

SELECT pg_catalog.setval('public.country_country_id_seq', 3, true);


--
-- Name: galaxy_galaxy_id_seq; Type: SEQUENCE SET; Schema: public; Owner: freecodecamp
--

SELECT pg_catalog.setval('public.galaxy_galaxy_id_seq', 6, true);


--
-- Name: moon_moon_id_seq; Type: SEQUENCE SET; Schema: public; Owner: freecodecamp
--

SELECT pg_catalog.setval('public.moon_moon_id_seq', 30, true);


--
-- Name: planet_planet_id_seq; Type: SEQUENCE SET; Schema: public; Owner: freecodecamp
--

SELECT pg_catalog.setval('public.planet_planet_id_seq', 16, true);


--
-- Name: star_star_id_seq; Type: SEQUENCE SET; Schema: public; Owner: freecodecamp
--

SELECT pg_catalog.setval('public.star_star_id_seq', 6, true);


--
-- Name: country country_name_key; Type: CONSTRAINT; Schema: public; Owner: freecodecamp
--

ALTER TABLE ONLY public.country
    ADD CONSTRAINT country_name_key UNIQUE (name);


--
-- Name: country country_name_key1; Type: CONSTRAINT; Schema: public; Owner: freecodecamp
--

ALTER TABLE ONLY public.country
    ADD CONSTRAINT country_name_key1 UNIQUE (name);


--
-- Name: country country_pkey; Type: CONSTRAINT; Schema: public; Owner: freecodecamp
--

ALTER TABLE ONLY public.country
    ADD CONSTRAINT country_pkey PRIMARY KEY (country_id);


--
-- Name: galaxy galaxy_name_key; Type: CONSTRAINT; Schema: public; Owner: freecodecamp
--

ALTER TABLE ONLY public.galaxy
    ADD CONSTRAINT galaxy_name_key UNIQUE (name);


--
-- Name: galaxy galaxy_pkey; Type: CONSTRAINT; Schema: public; Owner: freecodecamp
--

ALTER TABLE ONLY public.galaxy
    ADD CONSTRAINT galaxy_pkey PRIMARY KEY (galaxy_id);


--
-- Name: moon moon_name_key; Type: CONSTRAINT; Schema: public; Owner: freecodecamp
--

ALTER TABLE ONLY public.moon
    ADD CONSTRAINT moon_name_key UNIQUE (name);


--
-- Name: moon moon_pkey; Type: CONSTRAINT; Schema: public; Owner: freecodecamp
--

ALTER TABLE ONLY public.moon
    ADD CONSTRAINT moon_pkey PRIMARY KEY (moon_id);


--
-- Name: planet planet_name_key; Type: CONSTRAINT; Schema: public; Owner: freecodecamp
--

ALTER TABLE ONLY public.planet
    ADD CONSTRAINT planet_name_key UNIQUE (name);


--
-- Name: planet planet_pkey; Type: CONSTRAINT; Schema: public; Owner: freecodecamp
--

ALTER TABLE ONLY public.planet
    ADD CONSTRAINT planet_pkey PRIMARY KEY (planet_id);


--
-- Name: star star_name_key; Type: CONSTRAINT; Schema: public; Owner: freecodecamp
--

ALTER TABLE ONLY public.star
    ADD CONSTRAINT star_name_key UNIQUE (name);


--
-- Name: star star_pkey; Type: CONSTRAINT; Schema: public; Owner: freecodecamp
--

ALTER TABLE ONLY public.star
    ADD CONSTRAINT star_pkey PRIMARY KEY (star_id);


--
-- Name: moon moon_planet_id_fkey; Type: FK CONSTRAINT; Schema: public; Owner: freecodecamp
--

ALTER TABLE ONLY public.moon
    ADD CONSTRAINT moon_planet_id_fkey FOREIGN KEY (planet_id) REFERENCES public.planet(planet_id);


--
-- Name: planet planet_star_id_fkey; Type: FK CONSTRAINT; Schema: public; Owner: freecodecamp
--

ALTER TABLE ONLY public.planet
    ADD CONSTRAINT planet_star_id_fkey FOREIGN KEY (star_id) REFERENCES public.star(star_id);


--
-- Name: star star_galaxy_id_fkey; Type: FK CONSTRAINT; Schema: public; Owner: freecodecamp
--

ALTER TABLE ONLY public.star
    ADD CONSTRAINT star_galaxy_id_fkey FOREIGN KEY (galaxy_id) REFERENCES public.galaxy(galaxy_id);


--
-- PostgreSQL database dump complete
--


